Name,Phone number,Website,Email
Texas Law Office ,+1 713-752-0100,http://www.texaslawoffice.com/,2.120512-232-1200admissions@law.utexas.edu 2.122512-232-1130lawfinaid@law.utexas.edu publicrecords@oag.texas.gov. x3eLLM@law.utexas.edu IncomingExchange@law.utexas.edu.
The Carlson Law Firm | Injury Lawyers ,+1 254-526-5688,https://www.carlsonattorneys.com/locations/killeen-office?utm_source=GMB&utm_medium=Google%20My%20Business&utm_campaign=Killeen,admin@totalwptheme.comUser x3edoe@lawyers.com jdoe@lawyers.com
Texas Suits - Texas Attorneys ,+1 210-503-2800,http://www.txsuits.com/,legalhelp@txstate.edu.
Walker Texas Lawyer ,+1 713-903-2481,https://walkertexaslawyer.com/?utm_campaign=gmb,jdoe@walkertexaslawyer.com JSmith@walkertexaslawyer.com jwalker@walkertexaslawyer.com. jsmith@walkertexaslawyer.com
Allen Texas Attorneys (Northcutt & Dean PLLC) ,+1 972-390-1608,http://allentexasattorneys.com/,Not available
Wronged in Texas Law Firm ,+1 210-560-6709,http://www.wrongedintexas.com/,Not available
The Martinez Law Firm - Houston DWI Lawyer ,+1 713-242-1779,https://www.martinezlawhouston.com/,Not available
Mary Beth Harrell Law Firm ,+1 254-276-3658,https://marybethharrell.com/?utm_source=google&utm_medium=organic&utm_campaign=gmb-office,Not available
Joyner + Joyner – Texas Law Firm ,+1 210-722-9089,https://joynerlawfirm.com/,jr@joynerlawsc.com.
"Tom Thomas Legal, P.C. - a Texas Debt Defense Law Firm. ",+1 214-691-6200,http://www.tomthomaslegal.com/,Not available
Texas Criminal Defense Group ,+1 214-550-6645,https://texascriminaldefensegroup.com/,x3ejane.doe@state.tx.us
The Law Office of David A. Breston ,+1 713-224-4040,https://www.houston-criminalattorney.com/?utm_source=gbp&utm_medium=google_organic&utm_campaign=gbp_listing,david@davidbreston.com jsmith@davidbreston.com
AT Law Office ,+1 832-800-5590,http://www.atlawoffice.com/,x3edoe@lawyers.com jdoe@lawyers.com
The Texas Law Group PLLC ,+1 832-713-0356,http://texaslawgrp.com/,Not available
Cañas and Flores Attorneys ,+1 817-332-6060,https://www.canasflores.com/?utm_source=GMB&utm_medium=organic&utm_campaign=fortworth,Not available
Bradley K. Williamson Law Office ,+1 254-634-0604,https://bkwilliamsonlaw.com/,Brad@bkwilliamsonlaw.com
Texas Criminal Defense Group ,+1 866-557-4343,https://texascriminaldefensegroup.com/houston-criminal-lawyer/,Not available
David J Willis Attorney ,+1 713-621-3100,http://www.lonestarlandlaw.com/,lonestarlandlaw@aol.com. lonestarlandlaw@aol.com.
The Cox Law Firm PLLC ,+1 817-662-2416,https://edcoxlaw.com/gbp/?utm_source=gmb&utm_medium=organic&utm_campaign=localseo,ccox@coxpllc.com. info@coxlawfirm.com cox@coxlawfirmllc.com david@coxlawgroup.com. info@mikecoxlaw. x3edoe@lawyers.com jdoe@lawyers.com
"Bryan E. Wilson, The Texas Law Hawk ",+1 817-440-3953,https://texaslawhawk.com/,Not available
The Law Office of David A. Breston ,+1 713-224-4040,https://www.houston-criminalattorney.com/?utm_source=gbp&utm_medium=google_organic&utm_campaign=gbp_listing,Not available
Texas Criminal Defense Group ,+1 866-557-4343,https://texascriminaldefensegroup.com/houston-criminal-lawyer/,Not available
Law Offices of Emery C Shannon - North Texas Debt Defense ,+1 940-800-8005,http://www.shannonlaw.com/,Not available
The Powell Firm - Texas Trial Lawyers PLLC ,+1 281-785-8850,Not available,Not available
Cañas and Flores Attorneys ,+1 817-332-6060,https://www.canasflores.com/?utm_source=GMB&utm_medium=organic&utm_campaign=fortworth,Not available
Texas Trust Law ,+1 512-480-8828,https://www.texastrustlaw.com/,john@texastrustlaw.com jane@texastrustlaw.com info@silblawfirm.com sections@texasbar.com.
Trial Attorneys Texas ,+1 214-528-4300,https://trialattorneystexas.com/,Not available
"Law Offices of Dean Malone, P.C. ",+1 214-670-9989,https://deanmalonelawfirm.com/,dean@deanmalone.com. jdoe@deanmalone.com
David Wimberley Law Office ,+1 254-559-6262,http://wimberley-law.com/,lawyer@texasisp.com
Mary Beth Harrell Law Firm ,+1 254-276-3658,https://marybethharrell.com/?utm_source=google&utm_medium=organic&utm_campaign=gmb-office,Not available
Texas Criminal Defense Group ,+1 432-289-6425,https://texascriminaldefensegroup.com/,Not available
"Ard Law Firm, PLLC DBA Generations Law Group of Texas ",+1 713-429-0218,http://www.generationstx.law/,ClientDirector@ArdLawFirm.com.
HURTINTEXAS.COM ,+1 281-755-9475,https://www.hurtintexas.com/,Not available
Texas Criminal Defense Group ,+1 806-310-5285,https://texascriminaldefensegroup.com/,x3ejane.doe@state.tx.us
"Mac Pierre-Louis, Former Texas Attorney General Child Support Lawyer & Mediator ",+1 832-413-4024,https://macpierrelouis.com/,Not available
Zinda Law Group ,+1 512-601-4349,https://www.zdfirm.com/personal-injury-lawyer/texas/austin/?utm_source=google&utm_medium=organic&utm_campaign=gbp-listing-austin,last@zdfirm.com johns@zdfirm.com
The Cox Law Firm PLLC ,+1 817-662-2416,https://edcoxlaw.com/gbp/?utm_source=gmb&utm_medium=organic&utm_campaign=localseo,ccox@coxpllc.com. info@coxlawfirm.com cox@coxlawfirmllc.com david@coxlawgroup.com. info@mikecoxlaw. x3edoe@lawyers.com jdoe@lawyers.com
"The Gonzalez Law Group, PLLC ",+1 832-530-4070,https://www.gonzalezlawgroup.net/,jsmith@gonzalezlawgroup.net rg@gonz.law.
Texas Criminal Defense Group ,+1 866-557-4343,https://texascriminaldefensegroup.com/,x3ejane.doe@state.tx.us
David J Willis Attorney ,+1 713-621-3100,http://www.lonestarlandlaw.com/,lonestarlandlaw@aol.com. lonestarlandlaw@aol.com.
Attorney Reshard Alexander - Big Rig Bull Texas Truck Accident Lawyer - Houston ,+1 713-766-3322,https://houstontruckaccident.lawyer/,Not available
"Byrd Davis Alden & Henrichson, LLP Injury and Accident Attorneys ",+1 512-607-9983,https://byrddavis.com/,khenrichson@byrddavis.com.
Law Offices of David M. White ,+1 325-246-4275,https://txattorney.us/,david@attorneygladstone.
Luce Law Firm ,+1 254-772-6853,https://lucefirm.com/,x3edoe@lawyers.com jdoe@lawyers.com
"The Zendeh Del Law Firm, PLLC ",+1 214-919-3600,https://www.zenlawfirm.com/?npcmp=dir:local:4491281:75024,legalteam@zenlawfirm. John@zendehdel.com
Bradley K. Williamson Law Office ,+1 254-634-0604,https://bkwilliamsonlaw.com/,Brad@bkwilliamsonlaw.com
Texas Gun Trust Attorneys ,+1 512-288-3200,https://texasguntrust.com/,seancody@houstonattorney.org
Charles S. Chambers Attorney at Law ,+1 806-763-9900,http://www.charleschamberslaw.com/,info@charleschamberslaw.com.
Texas Legal ,+1 512-327-1372,http://texaslegal.org/,alumni@law.utexas.edu. LLM@law.utexas.edu. ahill@tlsc.org. publicrecords@oag.texas.gov.
Blass Law PLLC ,+1 281-572-8963,https://www.blasslaw.com/areas-we-serve/houston-tx/dwi-lawyer/?utm_source=google&utm_medium=organic&utm_campaign=gbp-listing-houston,Not available
"Hunsucker Legal Group, Texas PLLC ",+1 940-484-5000,https://hunsuckerlegalgroup.com/,ben@hunsuckerlaw.com
"San Miguel Attorneys, P.C. ",+1 713-795-5299,https://sanmiguel.law/?utm_source=Google%20My%20Business,info@sanmiguel.law.
"Sul Lee Law Firm, PLLC ",+1 214-239-2823,https://www.sulleelaw.com/?utm_campaign=gmb,jsmith@sulleelaw.com leesulsarah@gmail.com sul@sulleelaw.com.
Strauss Law Firm ,+1 713-586-9200,https://strausslawfirm.com/,Not available
Blizzard & Zimmerman Attorneys ,+1 325-230-2751,http://www.blizzardlawfirm.com/?utm_campaign=gmb,tours@blizzard.com. tours@blizzard.com noreply@blizzard.com. jdoe@blizzard.com noreply@blizzard.com. x3eaccommodationrequests@activisionblizzard.com
"Dunham & Jones, Attorneys at Law, P.C. ",+1 214-888-8888,https://www.dunhamlaw.com/tx/dallas-criminal-attorneys/,jdoe@dunhamssports.com info@dunham-bush.com dunhamaustin@yahoo.com.If jane.doe@dunham.com
"Texas Mexico Law, Rocio Martinez, Raul Natera, Francisco Hernandez Attorneys at Law ",+1 817-383-2979,https://www.immigrationlawftworth.com/,Not available
TX Attorney Group - Injury Lawyers ,+1 281-815-0387,https://txattorneygroup.com/,x3edoe@lawyers.com jdoe@lawyers.com
"The Kelly Legal Group, PLLC ",+1 512-505-0053,https://www.kellylegalgroup.com/?utm_source=GMB&utm_medium=organic&utm_campaign=Texas,Not available
DFW Criminal Lawyers L.L.C. ,+1 817-229-0319,http://dallasfortworthcriminallawyer.com/,x3edoe@lawyers.com jdoe@lawyers.com
Sellers Law Firm ,+1 817-928-4222,https://www.sellerstriallaw.com/,bsellers@sellerslawfirm.com info@sellers.law.
Keith & Lorfing ,+1 325-246-9410,https://lorfinglaw.com/?utm_source=GMB&utm_medium=organic&utm_campaign=abilene,jdoe@keithteam.com keith@gmail.com keith@gmail.com customers@charleskeith.com keith.richard@gmail.com. jane.doe@charleskeith.com x3ejdoe@keithteam.com x3ejane.doe@charleskeith.com x3efirstlast@benekeith.com x3eJohnDoe@benekeith.com x3eflast@benekeith.com x3eJDoe@benekeith.com x3efilast@benekeith.com x3eJoDoe@benekeith.com x3efirlast@benekeith.com x3eJohDoe@benekeith.com
"Glasheen, Valles & Inderman Injury Lawyers ",+1 806-472-4828,https://gvilaw.com/our-office-locations/lubbock/?utm_source=gbp&utm_medium=organic&utm_campaign=gbp-website-lubbock,jane@glasheenlaw.com jsmith@gvilaw.com kevin_glasheen@hotmail.com kevin@gvilaw.com. law@ttu.edu.
Sparks Law Firm ,+1 817-334-0300,https://www.sparkslawfirm.com/,daniel@sparkslawpllc.com. contact@sparkslawgroup.com. jwsparks@lawofficeprescott.com.
"Cortez Law Firm, PLLC ",+1 214-919-4208,http://www.cortezlawfirmpllc.com/,info@cortezimmigration.com.
"David N. DeFoore, Attorney at Law ",+1 325-232-6670,http://www.defoorelaw.com/,Not available
"The Rios Law Group, PLLC ",+1 254-421-5708,https://therioslawgroup.com/,Kate@RiosLawFirm.com. jason@rioslawgroup.com.
Manuel Diaz Law Firm ,+1 940-204-5177,https://diazlf.com/?UTM_campaign=GMB,jsmith@diazlf.com j_doe@diazlf.com last_initial@diazlf.com
"The Martin Law Firm, PLLC ",+1 713-651-1037,"http://www.waltermartinlaw.com/?utm_source=GMBSocialClimb&utm_medium=TheMartinLawFirm,PLLC",KEN@MARTIN-LAWFIRM.COM. contactus@martinlawark.com KEN@MARTIN-LAWFIRM.COM.
Austin Law Office ,+1 903-212-3577,https://zaustinlaw.com/,zsa@zaustinlaw.com. zsa@zaustinlaw.com legalassistant@wm-attorneys. gary@prustlaw.com. x3ejdoe@austinfc.com
Mike Massey Law ,+1 512-559-3552,https://www.mytxwills.com/,massey@352law.com. david@injury-texas.com
"Varghese Summersett (Personal Injury, Criminal Defense, Family and Divorce Lawyers) ",+1 817-203-2220,https://www.versustexas.com/,Not available
"Law Office of Patrick J. McLain, PLLC ",+1 214-238-9392,https://www.patrickjmclain.com/,patrickjmclain@gmail.com patrick@patrickjmclain.com. jane@patrickjmclain.com john@patrickjmclain.com
Law Offices of Brady L. Pendleton ,+1 888-246-6869,https://www.pendletonlawoffices.com/,brady@pendletonlawoffices.com
"Todd Steele, Attorney at Law ",+1 325-643-6587,http://www.toddsteele.net/,todd@toddsteele.net.
Zinda Law Group ,+1 214-833-0246,https://www.zdfirm.com/personal-injury-lawyer/texas/dallas/?utm_source=google&utm_medium=organic&utm_campaign=gbp-listing-dallas,last@zdfirm.com johns@zdfirm.com
James Alston Law - Federal Criminal Defense Attorney ,+1 713-228-1400,https://www.houstoncrimedefense.com/,Not available
Joseph L. Jordan Attorney at Law ,+1 888-554-1396,https://www.jordanucmjlaw.com/,jjordan@legaldent.com.
Ghrist Law Firm ,+1 817-778-4136,http://www.ghristlaw.com/,x3edoe@lawyers.com jdoe@lawyers.com
Lawyer Referral Service of Central Texas ,+1 512-472-8303,http://austinlrs.org/,Not available
Mehaffey & Watson Law Office ,+1 325-674-1900,Not available,suzannemehaffey@gmail.com. brad.mehaffey@gmail.com brad.mehaffey@eimagesolutions.com. gpmehaffey@gmail.com gp@hillwoodcommunities.com. kristi.mehaffey@me.gatech.edu. doe_jane@gmail.com
Texas Trial Champions ,+1 940-220-9850,https://www.texastrialchampions.com/,atjmail@texasbar.com. ATJMAIL@TEXASATJ.ORG.
Brian Raymond Law ,+1 325-703-6666,http://www.brianraymondlaw.com/,br@raymondlegal.com
Lype Dest Smith Lawyers | Texas Medical Board Lawyer ,+1 512-881-3556,https://www.lypedestsmith.com/,x3edoe@lawyers.com jdoe@lawyers.com
Texas Suits-Texas Real Estate and Business Attorneys ,+1 830-251-2192,http://txsuits.com/,SERVICE@TREBLEGAL.COM.
The Law Office of Elizabeth Rivera ,+1 817-717-3538,http://www.lizriveralaw.com/,liz@lizriveralaw.com. srivera@sao17.state.fl.us. maron001@live.com lidia@lawofficemgr.com.
Ward & Myers LLP ,+1 432-315-0335,https://www.wardmyers.com/?npcmp=dir:local:5236716:79701,you@yourdomain.com
"Von Willer Law Firm, PLLC ",+1 325-232-6255,http://vonwillerlawfirm.com/,17916@justgreatlawyers.com
Texas Legal Services Center ,+1 512-477-6000,http://tlsc.org/,ahill@tlsc.org. jdoe@tlsc.org
The Law Offices of Don Tittle ,+1 214-522-8400,http://www.dontittlelaw.com/,don@dontittlelaw.com don@dontittlelaw.com
Texas Discrimination Attorney - Employment Law Attorney Austin & Labor Lawyer TX ,+1 512-894-9933,https://www.texasdiscriminationattorney.com/?utm_source=google&utm_medium=organic&utm_campaign=gmblisting,Not available
"The Hopping Law Group, PC ",+1 855-773-4669,https://www.texasexpungementlawyer.com/,info@hoppinglawgroup.com info@hoppinglawgroup.com.
The South Texas Business Lawyers ,+1 210-761-6294,https://www.thesouthtexasbusinesslawyers.com/,Not available
"Texas Law Doctor (Scott Law, PLLC) ",+1 800-491-0780,http://www.texaslawdoctor.com/,Not available
Texas Horizons Law Group pllc ,+1 830-386-3805,https://thlg.law/,Not available
Maxwell & Fahy Attorneys At Law ,+1 325-236-6691,http://kenmaxlaw.com/home.html,jane@himaxwell.com sales@maxwell.com. info@johnmaxwell.com. linkedin@johnmaxwelltraining.com johncmaxwellsocial@gmail.com jmaxwell@maxwellleadership.com. jane@maxwellpr.com x3einfo@johnmaxwell.com x3efirst.last@maxwellhealth.com x3eJohn.Doe@maxwellhealth.com x3efirst@maxwellhealth.com x3eJohn@maxwellhealth.com x3elast.first@maxwellhealth.com x3eDoe.John@maxwellhealth.com x3efirst.last@maxwellhealth.com x3eJohn.Doe@maxwellhealth.com
Henley Jenny ,+1 325-677-3195,https://sites.google.com/view/justicewithjenny/home,justicewithjenny@hotmail.com. justicewithjenny@hotmail.com. justicewithjenny@gmail.com. jennifer.phillips@henley.ac.uk Jobs@Reading jennymclynn@gmail.com jennymclynn@henleyim.com. jhenley@srsacquiom.com
Stokes and Stokes Law Firm ,+1 254-968-5400,http://www.stokesandstokeslaw.com/,stokesandstokeslaw@gmail.com. stokesandstokeslaw@gmail.com. mail@stokes-law.co.uk.
"Browning Law Firm, PLLC ",+1 325-437-3737,http://www.browningfirm.com/,rebrowning@live.com rebecca.browning@azbar.org rebecca@browninglawaz.com. allen.browning.law@gmail.com.
Collaborative Divorce Texas ,+1 972-386-0158,https://collaborativedivorcetexas.com/?utm_source=GMB&utm_medium=organic,Not available
Lozano Law Firm ,+1 210-899-2201,https://www.abogadolozano.com/,sergio@lozanofirm.com lawoffices@dlbklaw.com. sndra@qeedhuan.govtynd dlya.orgrdctljo@qoie.eduqrpkedtj
"Galen A. Moeller, Attorney at Law ",+1 325-655-4187,https://gmattorneyatlaw.com/?utm_source=google-local&utm_medium=organic&utm_campaign=2948,Not available
Christopher S. Till ,+1 325-356-5248,https://www.attorneytill.com/?utm_source=google-local&utm_medium=organic&utm_campaign=2194,chris.still@oregonstate.edu.
TexasBarCLE ,+1 800-204-2222 ext. 1574,http://www.texasbarcle.com/,Not available
"Texas Tenant Law, PLLC ",+1 512-215-4129,https://txtenantlaw.com/,info@jlm-law.com info@jlm-law.com. callcenter@thetexasattorney.com. information@trec.texas.gov.
Law Office of Dana Ehrlich ,+1 325-655-5351,http://www.lawdana.com/,Not available
"North Texas Law, PLLC ",+1 469-727-8227,https://ntexaslaw.com/,Not available
"De La Cruz & Reddell, PLLC - Attorneys At Law ",+1 940-549-5555,http://www.grahamattorney.com/,monica.delacruz@mail.house.gov art.delacruz@nmlegis.gov ydelacruz@cityofhialeahgardens.com. copalmlg@gmail.com.
"Grote Law, PLLC ",+1 682-231-2186,http://www.grote.law/,Nikki@Grote.Law travis@groatlawpllc.com.. cgrote@wkdlawfirm.com
Texas Vaccine Lawyers a Division of the Greenwood Law Firm ,+1 832-610-3276,https://www.texasvaccinelawyers.com/?utm_source=google-local&utm_medium=organic&utm_campaign=2167,Not available
The Texas Divorce Lawyer ,+1 214-265-7630,https://www.thetexasdivorcelawyer.com/,Not available
Central Texas Hill Country Law: Law Offices of Jodee L. Scott ,+1 512-456-0319,https://centexhillcountrylaw.com/,jodeescott@hotmail.com jodeescott@gmail.com.
"Gattis Law Firm, PC ",+1 512-868-5400,http://www.gattislaw.com/,x3edoe@lawyers.com jdoe@lawyers.com
Kirk Hawkins Attorney ,+1 325-276-3265,http://www.kirkhawkinsattorney.com/,KirkHawkinsLaw@gmail.com. kendal.kirk@hawkinsisd.org.
Texas Lawyers' Insurance Exchange ,+1 512-480-9074,https://www.tlie.org/,info@tlie.org last@tlie.org
Place Law Office ,+1 254-865-8475,http://www.allenplacelaw.com/,x3edoe@lawyers.com jdoe@lawyers.com
Texas Dram Shop Lawyer ,+1 219-294-6244,https://texasdramshoplawyer.com/,Not available
Timothy Abeel & Associates Lemon Law Attorneys - Dallas ,+1 214-833-6557,https://www.timothyabeel.com/location/texas-tx-lemon-law-attorneys/?utm_source=google&utm_medium=organic&utm_campaign=gbp-dallaslisting,tabeel@rawle.com.
"Texas Hospitality and Non-profit Law Center, PLLC ",+1 817-385-6460,https://www.texashospitalitylaw.com/,hba@hba.org
Walker Texas Lawyer ,+1 713-808-1327,http://www.walkertexaslawyer.com/?utm_campaign=gmb,jdoe@walkertexaslawyer.com JSmith@walkertexaslawyer.com jwalker@walkertexaslawyer.com. jsmith@walkertexaslawyer.com
